{
	"info": {
		"_postman_id": "d342d9ac-ca32-5412-8cb3-ab8d735a9237",
		"name": "Query Service API",
		"description": "Experience Query Service gives you the ability to use standard SQL to query data on Adobe Experience Platform to support many different use cases. It is a serverless tool which allows you to join any datasets in Experience Data Lake and capture the query results as a new dataset for use in reporting, Data Science Workspace, or for ingestion into Real-time Customer Profile.\n\nRelated Documentation:\n  * [Query Service documentation](http://www.adobe.com/go/query-service-home-en)\n\nVisualize API calls with Postman (a free, third-party software):\n  * [Query Service API Postman collection on GitHub](https://github.com/adobe/experience-platform-postman-samples/blob/master/apis/experience-platform/Query%20Service%20API.postman_collection.json)\n  * [Video guide for creating the Postman environment](https://video.tv.adobe.com/v/28832)\n  * [Steps for importing environments and collections in Postman](https://learning.getpostman.com/docs/postman/collection_runs/using_environments_in_collection_runs/)\n\nAPI paths:\n  * PLATFORM Gateway URL: https://<span>platform.adobe.io/\n  * Base path for this API: /data/foundation/query\n  * Example of a complete path: https://<span>platform.adobe.io/data/foundation/query/queries\n\nRequired headers:\n  * All calls require the headers `Authorization`, `x-gw-ims-org-id`, and `x-api-key`. For more information on how to obtain these values, see the [authentication tutorial](http://www.adobe.com/go/platform-api-authentication-en).\n  * All resources in Experience Platform are isolated to specific virtual sandboxes. All requests to Platform APIs require the header `x-sandbox-name` whose value is the all-lowercase name of the sandbox the operation will take place in (for example, \"prod\"). See the [sandboxes overview](https://adobe.com/go/sandbox-overview-en) for more information.\n  * All requests with a payload in the request body (such as POST, PUT, and PATCH calls) must include the header `Content-Type` with a value of `application/json`.",
		"schema": "https://schema.getpostman.com/json/collection/v2.1.0/collection.json"
	},
	"item": [
		{
			"name": "Connections",
			"item": [
				{
					"name": "Requests connection parameters for the interactive interface.",
					"event": [
						{
							"listen": "prerequest",
							"script": {
								"type": "text/javascript",
								"exec": [
									"/** Begin Adobe-provided Pre-Request Scripts **/",
									"// Do not send HTTP Headers with empty variables, as Postman will send the literal variable name",
									"pm.request.headers.each(header => {",
									"    if (header.value.startsWith(\"{{\") && header.value.endsWith(\"}}\")) {",
									"        if (!pm.variables.get(header.value.substring(2, header.value.length - 2))) { pm.request.headers.remove(header.key); }",
									"    }",
									"});",
									"",
									"// Do not send HTTP URL Query Parameters with empty variables, as Postman will send the literal variable name",
									"pm.request.url.query.remove(q => { ",
									"    if (q.value.startsWith(\"{{\") && q.value.endsWith(\"}}\")) {",
									"        return !pm.variables.get(q.value.substring(2, q.value.length - 2));",
									"    } ",
									"});",
									"/** End Adobe-provided Pre-Request Scripts **/"
								]
							}
						}
					],
					"_postman_id": "d6f31af1-73a0-50c7-b180-a6ce40211d8e",
					"request": {
						"method": "GET",
						"header": [
							{
								"key": "Accept",
								"value": "application/json"
							},
							{
								"key": "Content-Type",
								"value": "application/json"
							},
							{
								"key": "Authorization",
								"value": "Bearer {{ACCESS_TOKEN}}",
								"description": "The access token which can be copied from your Experience Platform integration, prefixed with \"Bearer \" (for example, `Bearer {ACCESS_TOKEN}`). For more information on how to obtain this value, visit the documentation covering making API calls in the [authentication tutorial](http://www.adobe.com/go/platform-api-authentication-en).",
								"type": "string",
								"enabled": true
							},
							{
								"key": "x-gw-ims-org-id",
								"value": "{{IMS_ORG}}",
								"description": "The Organization ID which can be copied from your Experience Platform integration. For more information on how to obtain this value, visit the documentation covering making API calls in the [authentication tutorial](http://www.adobe.com/go/platform-api-authentication-en).",
								"type": "string",
								"enabled": true
							},
							{
								"key": "x-api-key",
								"value": "{{API_KEY}}",
								"description": "The API key which can be copied from your Experience Platform integration. For more information on how to obtain this value, visit the documentation covering making API calls in the [authentication tutorial](http://www.adobe.com/go/platform-api-authentication-en).",
								"type": "string",
								"enabled": true
							},
							{
								"key": "x-sandbox-name",
								"value": "{{SANDBOX_NAME}}",
								"description": "The name of the sandbox in which the operation will take place. See the [sandboxes overview documentation](https://adobe.com/go/sandbox-overview-en) for more information.",
								"type": "string",
								"enabled": true
							},
							{
								"key": "x-request-id",
								"value": "{{x-request-id}}",
								"description": "A unique ID generated by Adobe.io",
								"type": "string",
								"enabled": true
							},
							{
								"key": "User-Agent",
								"value": "{{User-Agent}}",
								"description": "type of the client making HTTP API request",
								"type": "string",
								"enabled": true
							}
						],
						"body": {
							"mode": "formdata",
							"formdata": []
						},
						"url": {
							"raw": "https://platform.adobe.io/data/foundation/query/connection_parameters",
							"protocol": "https",
							"host": [
								"platform",
								"adobe",
								"io"
							],
							"path": [
								"data",
								"foundation",
								"query",
								"connection_parameters"
							]
						}
					},
					"response": []
				}
			],
			"_postman_id": "aa03891b-78d2-5298-9582-d1565082d3d1",
			"description": "Retrieves connection parameters for the interactive interface."
		},
		{
			"name": "Queries",
			"item": [
				{
					"name": "Retrieve a list of queries for this IMS Organization.",
					"event": [
						{
							"listen": "prerequest",
							"script": {
								"type": "text/javascript",
								"exec": [
									"/** Begin Adobe-provided Pre-Request Scripts **/",
									"// Do not send HTTP Headers with empty variables, as Postman will send the literal variable name",
									"pm.request.headers.each(header => {",
									"    if (header.value.startsWith(\"{{\") && header.value.endsWith(\"}}\")) {",
									"        if (!pm.variables.get(header.value.substring(2, header.value.length - 2))) { pm.request.headers.remove(header.key); }",
									"    }",
									"});",
									"",
									"// Do not send HTTP URL Query Parameters with empty variables, as Postman will send the literal variable name",
									"pm.request.url.query.remove(q => { ",
									"    if (q.value.startsWith(\"{{\") && q.value.endsWith(\"}}\")) {",
									"        return !pm.variables.get(q.value.substring(2, q.value.length - 2));",
									"    } ",
									"});",
									"/** End Adobe-provided Pre-Request Scripts **/"
								]
							}
						}
					],
					"_postman_id": "64fc8877-4b14-5571-937a-c97c0f78676c",
					"request": {
						"method": "GET",
						"header": [
							{
								"key": "Accept",
								"value": "application/json"
							},
							{
								"key": "Content-Type",
								"value": "application/json"
							},
							{
								"key": "Authorization",
								"value": "Bearer {{ACCESS_TOKEN}}",
								"description": "The access token which can be copied from your Experience Platform integration, prefixed with \"Bearer \" (for example, `Bearer {ACCESS_TOKEN}`). For more information on how to obtain this value, visit the documentation covering making API calls in the [authentication tutorial](http://www.adobe.com/go/platform-api-authentication-en).",
								"type": "string",
								"enabled": true
							},
							{
								"key": "x-gw-ims-org-id",
								"value": "{{IMS_ORG}}",
								"description": "The Organization ID which can be copied from your Experience Platform integration. For more information on how to obtain this value, visit the documentation covering making API calls in the [authentication tutorial](http://www.adobe.com/go/platform-api-authentication-en).",
								"type": "string",
								"enabled": true
							},
							{
								"key": "x-api-key",
								"value": "{{API_KEY}}",
								"description": "The API key which can be copied from your Experience Platform integration. For more information on how to obtain this value, visit the documentation covering making API calls in the [authentication tutorial](http://www.adobe.com/go/platform-api-authentication-en).",
								"type": "string",
								"enabled": true
							},
							{
								"key": "x-sandbox-name",
								"value": "{{SANDBOX_NAME}}",
								"description": "The name of the sandbox in which the operation will take place. See the [sandboxes overview documentation](https://adobe.com/go/sandbox-overview-en) for more information.",
								"type": "string",
								"enabled": true
							},
							{
								"key": "x-request-id",
								"value": "{{x-request-id}}",
								"description": "A unique ID generated by Adobe.io",
								"type": "string",
								"enabled": true
							},
							{
								"key": "User-Agent",
								"value": "{{User-Agent}}",
								"description": "type of the client making HTTP API request",
								"type": "string",
								"enabled": true
							}
						],
						"body": {
							"mode": "formdata",
							"formdata": []
						},
						"url": {
							"raw": "https://platform.adobe.io/data/foundation/query/queries?orderby={{orderby}}&limit={{limit}}&start={{start}}&property={{property}}&excludeSoftDeleted={{excludeSoftDeleted}}&excludeHidden={{excludeHidden}}&isPrevLink={{isPrevLink}}",
							"protocol": "https",
							"host": [
								"platform",
								"adobe",
								"io"
							],
							"path": [
								"data",
								"foundation",
								"query",
								"queries"
							],
							"query": [
								{
									"key": "orderby",
									"value": "{{orderby}}"
								},
								{
									"key": "limit",
									"value": "{{limit}}"
								},
								{
									"key": "start",
									"value": "{{start}}"
								},
								{
									"key": "property",
									"value": "{{property}}"
								},
								{
									"key": "excludeSoftDeleted",
									"value": "{{excludeSoftDeleted}}"
								},
								{
									"key": "excludeHidden",
									"value": "{{excludeHidden}}"
								},
								{
									"key": "isPrevLink",
									"value": "{{isPrevLink}}"
								}
							]
						}
					},
					"response": []
				},
				{
					"name": "Create a new query.",
					"event": [
						{
							"listen": "prerequest",
							"script": {
								"type": "text/javascript",
								"exec": [
									"/** Begin Adobe-provided Pre-Request Scripts **/",
									"// Do not send HTTP Headers with empty variables, as Postman will send the literal variable name",
									"pm.request.headers.each(header => {",
									"    if (header.value.startsWith(\"{{\") && header.value.endsWith(\"}}\")) {",
									"        if (!pm.variables.get(header.value.substring(2, header.value.length - 2))) { pm.request.headers.remove(header.key); }",
									"    }",
									"});",
									"",
									"// Do not send HTTP URL Query Parameters with empty variables, as Postman will send the literal variable name",
									"pm.request.url.query.remove(q => { ",
									"    if (q.value.startsWith(\"{{\") && q.value.endsWith(\"}}\")) {",
									"        return !pm.variables.get(q.value.substring(2, q.value.length - 2));",
									"    } ",
									"});",
									"/** End Adobe-provided Pre-Request Scripts **/"
								]
							}
						}
					],
					"_postman_id": "023b8d49-3aa8-5ee1-8d33-a7c54ec0c767",
					"request": {
						"method": "POST",
						"header": [
							{
								"key": "Accept",
								"value": "application/json"
							},
							{
								"key": "Content-Type",
								"value": "application/json"
							},
							{
								"key": "x-gw-ims-org-id",
								"value": "{{IMS_ORG}}",
								"description": "The Organization ID which can be copied from your Experience Platform integration. For more information on how to obtain this value, visit the documentation covering making API calls in the [authentication tutorial](http://www.adobe.com/go/platform-api-authentication-en).",
								"type": "string",
								"enabled": true
							},
							{
								"key": "x-api-key",
								"value": "{{API_KEY}}",
								"description": "The API key which can be copied from your Experience Platform integration. For more information on how to obtain this value, visit the documentation covering making API calls in the [authentication tutorial](http://www.adobe.com/go/platform-api-authentication-en).",
								"type": "string",
								"enabled": true
							},
							{
								"key": "x-sandbox-name",
								"value": "{{SANDBOX_NAME}}",
								"description": "The name of the sandbox in which the operation will take place. See the [sandboxes overview documentation](https://adobe.com/go/sandbox-overview-en) for more information.",
								"type": "string",
								"enabled": true
							},
							{
								"key": "x-request-id",
								"value": "{{x-request-id}}",
								"description": "A unique ID generated by Adobe.io",
								"type": "string",
								"enabled": true
							},
							{
								"key": "User-Agent",
								"value": "{{User-Agent}}",
								"description": "type of the client making HTTP API request",
								"type": "string",
								"enabled": true
							}
						],
						"body": {
							"mode": "raw",
							"raw": "{{query}}"
						},
						"url": {
							"raw": "https://platform.adobe.io/data/foundation/query/queries",
							"protocol": "https",
							"host": [
								"platform",
								"adobe",
								"io"
							],
							"path": [
								"data",
								"foundation",
								"query",
								"queries"
							]
						}
					},
					"response": []
				},
				{
					"name": "Request query status by ID.",
					"event": [
						{
							"listen": "prerequest",
							"script": {
								"type": "text/javascript",
								"exec": [
									"/** Begin Adobe-provided Pre-Request Scripts **/",
									"// Do not send HTTP Headers with empty variables, as Postman will send the literal variable name",
									"pm.request.headers.each(header => {",
									"    if (header.value.startsWith(\"{{\") && header.value.endsWith(\"}}\")) {",
									"        if (!pm.variables.get(header.value.substring(2, header.value.length - 2))) { pm.request.headers.remove(header.key); }",
									"    }",
									"});",
									"",
									"// Do not send HTTP URL Query Parameters with empty variables, as Postman will send the literal variable name",
									"pm.request.url.query.remove(q => { ",
									"    if (q.value.startsWith(\"{{\") && q.value.endsWith(\"}}\")) {",
									"        return !pm.variables.get(q.value.substring(2, q.value.length - 2));",
									"    } ",
									"});",
									"/** End Adobe-provided Pre-Request Scripts **/"
								]
							}
						}
					],
					"_postman_id": "0d248db6-88e7-54d9-8255-6ce5f86a39c5",
					"request": {
						"method": "GET",
						"header": [
							{
								"key": "Accept",
								"value": "application/json"
							},
							{
								"key": "Content-Type",
								"value": "application/json"
							},
							{
								"key": "Authorization",
								"value": "Bearer {{ACCESS_TOKEN}}",
								"description": "The access token which can be copied from your Experience Platform integration, prefixed with \"Bearer \" (for example, `Bearer {ACCESS_TOKEN}`). For more information on how to obtain this value, visit the documentation covering making API calls in the [authentication tutorial](http://www.adobe.com/go/platform-api-authentication-en).",
								"type": "string",
								"enabled": true
							},
							{
								"key": "x-gw-ims-org-id",
								"value": "{{IMS_ORG}}",
								"description": "The Organization ID which can be copied from your Experience Platform integration. For more information on how to obtain this value, visit the documentation covering making API calls in the [authentication tutorial](http://www.adobe.com/go/platform-api-authentication-en).",
								"type": "string",
								"enabled": true
							},
							{
								"key": "x-api-key",
								"value": "{{API_KEY}}",
								"description": "The API key which can be copied from your Experience Platform integration. For more information on how to obtain this value, visit the documentation covering making API calls in the [authentication tutorial](http://www.adobe.com/go/platform-api-authentication-en).",
								"type": "string",
								"enabled": true
							},
							{
								"key": "x-sandbox-name",
								"value": "{{SANDBOX_NAME}}",
								"description": "The name of the sandbox in which the operation will take place. See the [sandboxes overview documentation](https://adobe.com/go/sandbox-overview-en) for more information.",
								"type": "string",
								"enabled": true
							},
							{
								"key": "x-request-id",
								"value": "{{x-request-id}}",
								"description": "A unique ID generated by Adobe.io",
								"type": "string",
								"enabled": true
							},
							{
								"key": "User-Agent",
								"value": "{{User-Agent}}",
								"description": "type of the client making HTTP API request",
								"type": "string",
								"enabled": true
							}
						],
						"body": {
							"mode": "formdata",
							"formdata": []
						},
						"url": {
							"raw": "https://platform.adobe.io/data/foundation/query/queries/:queryid",
							"protocol": "https",
							"host": [
								"platform",
								"adobe",
								"io"
							],
							"path": [
								"data",
								"foundation",
								"query",
								"queries",
								":queryid"
							],
							"variable": [
								{
									"value": "{{queryid}}",
									"id": "queryid"
								}
							]
						}
					},
					"response": []
				},
				{
					"name": "Request cancellation or query soft delete.",
					"event": [
						{
							"listen": "prerequest",
							"script": {
								"type": "text/javascript",
								"exec": [
									"/** Begin Adobe-provided Pre-Request Scripts **/",
									"// Do not send HTTP Headers with empty variables, as Postman will send the literal variable name",
									"pm.request.headers.each(header => {",
									"    if (header.value.startsWith(\"{{\") && header.value.endsWith(\"}}\")) {",
									"        if (!pm.variables.get(header.value.substring(2, header.value.length - 2))) { pm.request.headers.remove(header.key); }",
									"    }",
									"});",
									"",
									"// Do not send HTTP URL Query Parameters with empty variables, as Postman will send the literal variable name",
									"pm.request.url.query.remove(q => { ",
									"    if (q.value.startsWith(\"{{\") && q.value.endsWith(\"}}\")) {",
									"        return !pm.variables.get(q.value.substring(2, q.value.length - 2));",
									"    } ",
									"});",
									"/** End Adobe-provided Pre-Request Scripts **/"
								]
							}
						}
					],
					"_postman_id": "419c68b8-5a5c-55d6-a470-937560cedb1b",
					"request": {
						"method": "PATCH",
						"header": [
							{
								"key": "Accept",
								"value": "application/json"
							},
							{
								"key": "Content-Type",
								"value": "application/json"
							},
							{
								"key": "Authorization",
								"value": "Bearer {{ACCESS_TOKEN}}",
								"description": "The access token which can be copied from your Experience Platform integration, prefixed with \"Bearer \" (for example, `Bearer {ACCESS_TOKEN}`). For more information on how to obtain this value, visit the documentation covering making API calls in the [authentication tutorial](http://www.adobe.com/go/platform-api-authentication-en).",
								"type": "string",
								"enabled": true
							},
							{
								"key": "x-gw-ims-org-id",
								"value": "{{IMS_ORG}}",
								"description": "The Organization ID which can be copied from your Experience Platform integration. For more information on how to obtain this value, visit the documentation covering making API calls in the [authentication tutorial](http://www.adobe.com/go/platform-api-authentication-en).",
								"type": "string",
								"enabled": true
							},
							{
								"key": "x-api-key",
								"value": "{{API_KEY}}",
								"description": "The API key which can be copied from your Experience Platform integration. For more information on how to obtain this value, visit the documentation covering making API calls in the [authentication tutorial](http://www.adobe.com/go/platform-api-authentication-en).",
								"type": "string",
								"enabled": true
							},
							{
								"key": "x-sandbox-name",
								"value": "{{SANDBOX_NAME}}",
								"description": "The name of the sandbox in which the operation will take place. See the [sandboxes overview documentation](https://adobe.com/go/sandbox-overview-en) for more information.",
								"type": "string",
								"enabled": true
							},
							{
								"key": "x-request-id",
								"value": "{{x-request-id}}",
								"description": "A unique ID generated by Adobe.io",
								"type": "string",
								"enabled": true
							},
							{
								"key": "User-Agent",
								"value": "{{User-Agent}}",
								"description": "type of the client making HTTP API request",
								"type": "string",
								"enabled": true
							}
						],
						"body": {
							"mode": "raw",
							"raw": "{{operation}}"
						},
						"url": {
							"raw": "https://platform.adobe.io/data/foundation/query/queries/:queryid",
							"protocol": "https",
							"host": [
								"platform",
								"adobe",
								"io"
							],
							"path": [
								"data",
								"foundation",
								"query",
								"queries",
								":queryid"
							],
							"variable": [
								{
									"value": "{{queryid}}",
									"id": "queryid"
								}
							]
						}
					},
					"response": []
				}
			],
			"_postman_id": "016699b6-e760-570e-b606-94a768bc90b1",
			"description": "Queries let you use standard SQL to query data in Adobe Experience Platform. For example, you can join any number of datasets in Experience Data Lake and capture the results as a new dataset."
		},
		{
			"name": "Schedules",
			"item": [
				{
					"name": "Retrieve a list of schedules for this IMS Organization.",
					"event": [
						{
							"listen": "prerequest",
							"script": {
								"type": "text/javascript",
								"exec": [
									"/** Begin Adobe-provided Pre-Request Scripts **/",
									"// Do not send HTTP Headers with empty variables, as Postman will send the literal variable name",
									"pm.request.headers.each(header => {",
									"    if (header.value.startsWith(\"{{\") && header.value.endsWith(\"}}\")) {",
									"        if (!pm.variables.get(header.value.substring(2, header.value.length - 2))) { pm.request.headers.remove(header.key); }",
									"    }",
									"});",
									"",
									"// Do not send HTTP URL Query Parameters with empty variables, as Postman will send the literal variable name",
									"pm.request.url.query.remove(q => { ",
									"    if (q.value.startsWith(\"{{\") && q.value.endsWith(\"}}\")) {",
									"        return !pm.variables.get(q.value.substring(2, q.value.length - 2));",
									"    } ",
									"});",
									"/** End Adobe-provided Pre-Request Scripts **/"
								]
							}
						}
					],
					"_postman_id": "d4b51682-5181-5714-a704-1b5eee773efa",
					"request": {
						"method": "GET",
						"header": [
							{
								"key": "Accept",
								"value": "application/json"
							},
							{
								"key": "Content-Type",
								"value": "application/json"
							},
							{
								"key": "Authorization",
								"value": "Bearer {{ACCESS_TOKEN}}",
								"description": "The access token which can be copied from your Experience Platform integration, prefixed with \"Bearer \" (for example, `Bearer {ACCESS_TOKEN}`). For more information on how to obtain this value, visit the documentation covering making API calls in the [authentication tutorial](http://www.adobe.com/go/platform-api-authentication-en).",
								"type": "string",
								"enabled": true
							},
							{
								"key": "x-gw-ims-org-id",
								"value": "{{IMS_ORG}}",
								"description": "The Organization ID which can be copied from your Experience Platform integration. For more information on how to obtain this value, visit the documentation covering making API calls in the [authentication tutorial](http://www.adobe.com/go/platform-api-authentication-en).",
								"type": "string",
								"enabled": true
							},
							{
								"key": "x-api-key",
								"value": "{{API_KEY}}",
								"description": "The API key which can be copied from your Experience Platform integration. For more information on how to obtain this value, visit the documentation covering making API calls in the [authentication tutorial](http://www.adobe.com/go/platform-api-authentication-en).",
								"type": "string",
								"enabled": true
							},
							{
								"key": "x-sandbox-name",
								"value": "{{SANDBOX_NAME}}",
								"description": "The name of the sandbox in which the operation will take place. See the [sandboxes overview documentation](https://adobe.com/go/sandbox-overview-en) for more information.",
								"type": "string",
								"enabled": true
							},
							{
								"key": "x-request-id",
								"value": "{{x-request-id}}",
								"description": "A unique ID generated by Adobe.io",
								"type": "string",
								"enabled": true
							},
							{
								"key": "User-Agent",
								"value": "{{User-Agent}}",
								"description": "type of the client making HTTP API request",
								"type": "string",
								"enabled": true
							}
						],
						"body": {
							"mode": "formdata",
							"formdata": []
						},
						"url": {
							"raw": "https://platform.adobe.io/data/foundation/query/schedules?orderby={{orderby}}&limit={{limit}}&start={{start}}&property={{property}}",
							"protocol": "https",
							"host": [
								"platform",
								"adobe",
								"io"
							],
							"path": [
								"data",
								"foundation",
								"query",
								"schedules"
							],
							"query": [
								{
									"key": "orderby",
									"value": "{{orderby}}"
								},
								{
									"key": "limit",
									"value": "{{limit}}"
								},
								{
									"key": "start",
									"value": "{{start}}"
								},
								{
									"key": "property",
									"value": "{{property}}"
								}
							]
						}
					},
					"response": []
				},
				{
					"name": "Create a new scheduled query.",
					"event": [
						{
							"listen": "prerequest",
							"script": {
								"type": "text/javascript",
								"exec": [
									"/** Begin Adobe-provided Pre-Request Scripts **/",
									"// Do not send HTTP Headers with empty variables, as Postman will send the literal variable name",
									"pm.request.headers.each(header => {",
									"    if (header.value.startsWith(\"{{\") && header.value.endsWith(\"}}\")) {",
									"        if (!pm.variables.get(header.value.substring(2, header.value.length - 2))) { pm.request.headers.remove(header.key); }",
									"    }",
									"});",
									"",
									"// Do not send HTTP URL Query Parameters with empty variables, as Postman will send the literal variable name",
									"pm.request.url.query.remove(q => { ",
									"    if (q.value.startsWith(\"{{\") && q.value.endsWith(\"}}\")) {",
									"        return !pm.variables.get(q.value.substring(2, q.value.length - 2));",
									"    } ",
									"});",
									"/** End Adobe-provided Pre-Request Scripts **/"
								]
							}
						}
					],
					"_postman_id": "6056877b-7d84-5b6d-8bce-97ea21ecb2e6",
					"request": {
						"method": "POST",
						"header": [
							{
								"key": "Accept",
								"value": "application/json"
							},
							{
								"key": "Content-Type",
								"value": "application/json"
							},
							{
								"key": "Authorization",
								"value": "Bearer {{ACCESS_TOKEN}}",
								"description": "The access token which can be copied from your Experience Platform integration, prefixed with \"Bearer \" (for example, `Bearer {ACCESS_TOKEN}`). For more information on how to obtain this value, visit the documentation covering making API calls in the [authentication tutorial](http://www.adobe.com/go/platform-api-authentication-en).",
								"type": "string",
								"enabled": true
							},
							{
								"key": "x-gw-ims-org-id",
								"value": "{{IMS_ORG}}",
								"description": "The Organization ID which can be copied from your Experience Platform integration. For more information on how to obtain this value, visit the documentation covering making API calls in the [authentication tutorial](http://www.adobe.com/go/platform-api-authentication-en).",
								"type": "string",
								"enabled": true
							},
							{
								"key": "x-api-key",
								"value": "{{API_KEY}}",
								"description": "The API key which can be copied from your Experience Platform integration. For more information on how to obtain this value, visit the documentation covering making API calls in the [authentication tutorial](http://www.adobe.com/go/platform-api-authentication-en).",
								"type": "string",
								"enabled": true
							},
							{
								"key": "x-sandbox-name",
								"value": "{{SANDBOX_NAME}}",
								"description": "The name of the sandbox in which the operation will take place. See the [sandboxes overview documentation](https://adobe.com/go/sandbox-overview-en) for more information.",
								"type": "string",
								"enabled": true
							},
							{
								"key": "x-request-id",
								"value": "{{x-request-id}}",
								"description": "A unique ID generated by Adobe.io",
								"type": "string",
								"enabled": true
							},
							{
								"key": "User-Agent",
								"value": "{{User-Agent}}",
								"description": "type of the client making HTTP API request",
								"type": "string",
								"enabled": true
							}
						],
						"body": {
							"mode": "raw",
							"raw": "{{schedule}}"
						},
						"url": {
							"raw": "https://platform.adobe.io/data/foundation/query/schedules",
							"protocol": "https",
							"host": [
								"platform",
								"adobe",
								"io"
							],
							"path": [
								"data",
								"foundation",
								"query",
								"schedules"
							]
						}
					},
					"response": []
				},
				{
					"name": "Request details of a schedule by ID.",
					"event": [
						{
							"listen": "prerequest",
							"script": {
								"type": "text/javascript",
								"exec": [
									"/** Begin Adobe-provided Pre-Request Scripts **/",
									"// Do not send HTTP Headers with empty variables, as Postman will send the literal variable name",
									"pm.request.headers.each(header => {",
									"    if (header.value.startsWith(\"{{\") && header.value.endsWith(\"}}\")) {",
									"        if (!pm.variables.get(header.value.substring(2, header.value.length - 2))) { pm.request.headers.remove(header.key); }",
									"    }",
									"});",
									"",
									"// Do not send HTTP URL Query Parameters with empty variables, as Postman will send the literal variable name",
									"pm.request.url.query.remove(q => { ",
									"    if (q.value.startsWith(\"{{\") && q.value.endsWith(\"}}\")) {",
									"        return !pm.variables.get(q.value.substring(2, q.value.length - 2));",
									"    } ",
									"});",
									"/** End Adobe-provided Pre-Request Scripts **/"
								]
							}
						}
					],
					"_postman_id": "9b6637c6-a695-5cd3-a43b-87f62de8c078",
					"request": {
						"method": "GET",
						"header": [
							{
								"key": "Accept",
								"value": "application/json"
							},
							{
								"key": "Content-Type",
								"value": "application/json"
							},
							{
								"key": "Authorization",
								"value": "Bearer {{ACCESS_TOKEN}}",
								"description": "The access token which can be copied from your Experience Platform integration, prefixed with \"Bearer \" (for example, `Bearer {ACCESS_TOKEN}`). For more information on how to obtain this value, visit the documentation covering making API calls in the [authentication tutorial](http://www.adobe.com/go/platform-api-authentication-en).",
								"type": "string",
								"enabled": true
							},
							{
								"key": "x-gw-ims-org-id",
								"value": "{{IMS_ORG}}",
								"description": "The Organization ID which can be copied from your Experience Platform integration. For more information on how to obtain this value, visit the documentation covering making API calls in the [authentication tutorial](http://www.adobe.com/go/platform-api-authentication-en).",
								"type": "string",
								"enabled": true
							},
							{
								"key": "x-api-key",
								"value": "{{API_KEY}}",
								"description": "The API key which can be copied from your Experience Platform integration. For more information on how to obtain this value, visit the documentation covering making API calls in the [authentication tutorial](http://www.adobe.com/go/platform-api-authentication-en).",
								"type": "string",
								"enabled": true
							},
							{
								"key": "x-sandbox-name",
								"value": "{{SANDBOX_NAME}}",
								"description": "The name of the sandbox in which the operation will take place. See the [sandboxes overview documentation](https://adobe.com/go/sandbox-overview-en) for more information.",
								"type": "string",
								"enabled": true
							},
							{
								"key": "x-request-id",
								"value": "{{x-request-id}}",
								"description": "A unique ID generated by Adobe.io",
								"type": "string",
								"enabled": true
							},
							{
								"key": "User-Agent",
								"value": "{{User-Agent}}",
								"description": "type of the client making HTTP API request",
								"type": "string",
								"enabled": true
							}
						],
						"body": {
							"mode": "formdata",
							"formdata": []
						},
						"url": {
							"raw": "https://platform.adobe.io/data/foundation/query/schedules/:schedulesId",
							"protocol": "https",
							"host": [
								"platform",
								"adobe",
								"io"
							],
							"path": [
								"data",
								"foundation",
								"query",
								"schedules",
								":schedulesId"
							],
							"variable": [
								{
									"value": "{{schedulesId}}",
									"id": "schedulesId"
								}
							]
						}
					},
					"response": []
				},
				{
					"name": "Patch an existing schedule.",
					"event": [
						{
							"listen": "prerequest",
							"script": {
								"type": "text/javascript",
								"exec": [
									"/** Begin Adobe-provided Pre-Request Scripts **/",
									"// Do not send HTTP Headers with empty variables, as Postman will send the literal variable name",
									"pm.request.headers.each(header => {",
									"    if (header.value.startsWith(\"{{\") && header.value.endsWith(\"}}\")) {",
									"        if (!pm.variables.get(header.value.substring(2, header.value.length - 2))) { pm.request.headers.remove(header.key); }",
									"    }",
									"});",
									"",
									"// Do not send HTTP URL Query Parameters with empty variables, as Postman will send the literal variable name",
									"pm.request.url.query.remove(q => { ",
									"    if (q.value.startsWith(\"{{\") && q.value.endsWith(\"}}\")) {",
									"        return !pm.variables.get(q.value.substring(2, q.value.length - 2));",
									"    } ",
									"});",
									"/** End Adobe-provided Pre-Request Scripts **/"
								]
							}
						}
					],
					"_postman_id": "877dd2ea-4879-5cf3-9f25-dc0f7359dff2",
					"request": {
						"method": "PATCH",
						"header": [
							{
								"key": "Accept",
								"value": "application/json"
							},
							{
								"key": "Content-Type",
								"value": "application/json"
							},
							{
								"key": "Authorization",
								"value": "Bearer {{ACCESS_TOKEN}}",
								"description": "The access token which can be copied from your Experience Platform integration, prefixed with \"Bearer \" (for example, `Bearer {ACCESS_TOKEN}`). For more information on how to obtain this value, visit the documentation covering making API calls in the [authentication tutorial](http://www.adobe.com/go/platform-api-authentication-en).",
								"type": "string",
								"enabled": true
							},
							{
								"key": "x-gw-ims-org-id",
								"value": "{{IMS_ORG}}",
								"description": "The Organization ID which can be copied from your Experience Platform integration. For more information on how to obtain this value, visit the documentation covering making API calls in the [authentication tutorial](http://www.adobe.com/go/platform-api-authentication-en).",
								"type": "string",
								"enabled": true
							},
							{
								"key": "x-api-key",
								"value": "{{API_KEY}}",
								"description": "The API key which can be copied from your Experience Platform integration. For more information on how to obtain this value, visit the documentation covering making API calls in the [authentication tutorial](http://www.adobe.com/go/platform-api-authentication-en).",
								"type": "string",
								"enabled": true
							},
							{
								"key": "x-sandbox-name",
								"value": "{{SANDBOX_NAME}}",
								"description": "The name of the sandbox in which the operation will take place. See the [sandboxes overview documentation](https://adobe.com/go/sandbox-overview-en) for more information.",
								"type": "string",
								"enabled": true
							},
							{
								"key": "x-request-id",
								"value": "{{x-request-id}}",
								"description": "A unique ID generated by Adobe.io",
								"type": "string",
								"enabled": true
							},
							{
								"key": "User-Agent",
								"value": "{{User-Agent}}",
								"description": "type of the client making HTTP API request",
								"type": "string",
								"enabled": true
							}
						],
						"body": {
							"mode": "raw",
							"raw": "{{body}}"
						},
						"url": {
							"raw": "https://platform.adobe.io/data/foundation/query/schedules/:schedulesId",
							"protocol": "https",
							"host": [
								"platform",
								"adobe",
								"io"
							],
							"path": [
								"data",
								"foundation",
								"query",
								"schedules",
								":schedulesId"
							],
							"variable": [
								{
									"value": "{{schedulesId}}",
									"id": "schedulesId"
								}
							]
						}
					},
					"response": []
				},
				{
					"name": "Delete a schedule by ID.",
					"event": [
						{
							"listen": "prerequest",
							"script": {
								"type": "text/javascript",
								"exec": [
									"/** Begin Adobe-provided Pre-Request Scripts **/",
									"// Do not send HTTP Headers with empty variables, as Postman will send the literal variable name",
									"pm.request.headers.each(header => {",
									"    if (header.value.startsWith(\"{{\") && header.value.endsWith(\"}}\")) {",
									"        if (!pm.variables.get(header.value.substring(2, header.value.length - 2))) { pm.request.headers.remove(header.key); }",
									"    }",
									"});",
									"",
									"// Do not send HTTP URL Query Parameters with empty variables, as Postman will send the literal variable name",
									"pm.request.url.query.remove(q => { ",
									"    if (q.value.startsWith(\"{{\") && q.value.endsWith(\"}}\")) {",
									"        return !pm.variables.get(q.value.substring(2, q.value.length - 2));",
									"    } ",
									"});",
									"/** End Adobe-provided Pre-Request Scripts **/"
								]
							}
						}
					],
					"_postman_id": "b1cfb5fa-d292-5a82-8501-cee8d7e9f227",
					"request": {
						"method": "DELETE",
						"header": [
							{
								"key": "Accept",
								"value": "application/json"
							},
							{
								"key": "Content-Type",
								"value": "application/json"
							},
							{
								"key": "Authorization",
								"value": "Bearer {{ACCESS_TOKEN}}",
								"description": "The access token which can be copied from your Experience Platform integration, prefixed with \"Bearer \" (for example, `Bearer {ACCESS_TOKEN}`). For more information on how to obtain this value, visit the documentation covering making API calls in the [authentication tutorial](http://www.adobe.com/go/platform-api-authentication-en).",
								"type": "string",
								"enabled": true
							},
							{
								"key": "x-gw-ims-org-id",
								"value": "{{IMS_ORG}}",
								"description": "The Organization ID which can be copied from your Experience Platform integration. For more information on how to obtain this value, visit the documentation covering making API calls in the [authentication tutorial](http://www.adobe.com/go/platform-api-authentication-en).",
								"type": "string",
								"enabled": true
							},
							{
								"key": "x-api-key",
								"value": "{{API_KEY}}",
								"description": "The API key which can be copied from your Experience Platform integration. For more information on how to obtain this value, visit the documentation covering making API calls in the [authentication tutorial](http://www.adobe.com/go/platform-api-authentication-en).",
								"type": "string",
								"enabled": true
							},
							{
								"key": "x-sandbox-name",
								"value": "{{SANDBOX_NAME}}",
								"description": "The name of the sandbox in which the operation will take place. See the [sandboxes overview documentation](https://adobe.com/go/sandbox-overview-en) for more information.",
								"type": "string",
								"enabled": true
							},
							{
								"key": "x-request-id",
								"value": "{{x-request-id}}",
								"description": "A unique ID generated by Adobe.io",
								"type": "string",
								"enabled": true
							},
							{
								"key": "User-Agent",
								"value": "{{User-Agent}}",
								"description": "type of the client making HTTP API request",
								"type": "string",
								"enabled": true
							}
						],
						"body": {
							"mode": "formdata",
							"formdata": []
						},
						"url": {
							"raw": "https://platform.adobe.io/data/foundation/query/schedules/:schedulesId",
							"protocol": "https",
							"host": [
								"platform",
								"adobe",
								"io"
							],
							"path": [
								"data",
								"foundation",
								"query",
								"schedules",
								":schedulesId"
							],
							"variable": [
								{
									"value": "{{schedulesId}}",
									"id": "schedulesId"
								}
							]
						}
					},
					"response": []
				},
				{
					"name": "Retrieve a list of all runs, past and currently running, for a particular query schedule.",
					"event": [
						{
							"listen": "prerequest",
							"script": {
								"type": "text/javascript",
								"exec": [
									"/** Begin Adobe-provided Pre-Request Scripts **/",
									"// Do not send HTTP Headers with empty variables, as Postman will send the literal variable name",
									"pm.request.headers.each(header => {",
									"    if (header.value.startsWith(\"{{\") && header.value.endsWith(\"}}\")) {",
									"        if (!pm.variables.get(header.value.substring(2, header.value.length - 2))) { pm.request.headers.remove(header.key); }",
									"    }",
									"});",
									"",
									"// Do not send HTTP URL Query Parameters with empty variables, as Postman will send the literal variable name",
									"pm.request.url.query.remove(q => { ",
									"    if (q.value.startsWith(\"{{\") && q.value.endsWith(\"}}\")) {",
									"        return !pm.variables.get(q.value.substring(2, q.value.length - 2));",
									"    } ",
									"});",
									"/** End Adobe-provided Pre-Request Scripts **/"
								]
							}
						}
					],
					"_postman_id": "a1e22026-82aa-598c-b925-9294cbea4a2e",
					"request": {
						"method": "GET",
						"header": [
							{
								"key": "Accept",
								"value": "application/json"
							},
							{
								"key": "Content-Type",
								"value": "application/json"
							},
							{
								"key": "Authorization",
								"value": "Bearer {{ACCESS_TOKEN}}",
								"description": "The access token which can be copied from your Experience Platform integration, prefixed with \"Bearer \" (for example, `Bearer {ACCESS_TOKEN}`). For more information on how to obtain this value, visit the documentation covering making API calls in the [authentication tutorial](http://www.adobe.com/go/platform-api-authentication-en).",
								"type": "string",
								"enabled": true
							},
							{
								"key": "x-gw-ims-org-id",
								"value": "{{IMS_ORG}}",
								"description": "The Organization ID which can be copied from your Experience Platform integration. For more information on how to obtain this value, visit the documentation covering making API calls in the [authentication tutorial](http://www.adobe.com/go/platform-api-authentication-en).",
								"type": "string",
								"enabled": true
							},
							{
								"key": "x-api-key",
								"value": "{{API_KEY}}",
								"description": "The API key which can be copied from your Experience Platform integration. For more information on how to obtain this value, visit the documentation covering making API calls in the [authentication tutorial](http://www.adobe.com/go/platform-api-authentication-en).",
								"type": "string",
								"enabled": true
							},
							{
								"key": "x-sandbox-name",
								"value": "{{SANDBOX_NAME}}",
								"description": "The name of the sandbox in which the operation will take place. See the [sandboxes overview documentation](https://adobe.com/go/sandbox-overview-en) for more information.",
								"type": "string",
								"enabled": true
							},
							{
								"key": "x-request-id",
								"value": "{{x-request-id}}",
								"description": "A unique ID generated by Adobe.io",
								"type": "string",
								"enabled": true
							},
							{
								"key": "User-Agent",
								"value": "{{User-Agent}}",
								"description": "type of the client making HTTP API request",
								"type": "string",
								"enabled": true
							}
						],
						"body": {
							"mode": "formdata",
							"formdata": []
						},
						"url": {
							"raw": "https://platform.adobe.io/data/foundation/query/schedules/:schedulesId/runs?orderby={{orderby}}&limit={{limit}}&start={{start}}&property={{property}}",
							"protocol": "https",
							"host": [
								"platform",
								"adobe",
								"io"
							],
							"path": [
								"data",
								"foundation",
								"query",
								"schedules",
								":schedulesId",
								"runs"
							],
							"query": [
								{
									"key": "orderby",
									"value": "{{orderby}}"
								},
								{
									"key": "limit",
									"value": "{{limit}}"
								},
								{
									"key": "start",
									"value": "{{start}}"
								},
								{
									"key": "property",
									"value": "{{property}}"
								}
							],
							"variable": [
								{
									"value": "{{schedulesId}}",
									"id": "schedulesId"
								}
							]
						}
					},
					"response": []
				},
				{
					"name": "Trigger an immediate run of a scheduled query.",
					"event": [
						{
							"listen": "prerequest",
							"script": {
								"type": "text/javascript",
								"exec": [
									"/** Begin Adobe-provided Pre-Request Scripts **/",
									"// Do not send HTTP Headers with empty variables, as Postman will send the literal variable name",
									"pm.request.headers.each(header => {",
									"    if (header.value.startsWith(\"{{\") && header.value.endsWith(\"}}\")) {",
									"        if (!pm.variables.get(header.value.substring(2, header.value.length - 2))) { pm.request.headers.remove(header.key); }",
									"    }",
									"});",
									"",
									"// Do not send HTTP URL Query Parameters with empty variables, as Postman will send the literal variable name",
									"pm.request.url.query.remove(q => { ",
									"    if (q.value.startsWith(\"{{\") && q.value.endsWith(\"}}\")) {",
									"        return !pm.variables.get(q.value.substring(2, q.value.length - 2));",
									"    } ",
									"});",
									"/** End Adobe-provided Pre-Request Scripts **/"
								]
							}
						}
					],
					"_postman_id": "25f7b57c-1d6a-5506-9059-0eb880b9b767",
					"request": {
						"method": "POST",
						"header": [
							{
								"key": "Accept",
								"value": "application/json"
							},
							{
								"key": "Content-Type",
								"value": "application/json"
							},
							{
								"key": "Authorization",
								"value": "Bearer {{ACCESS_TOKEN}}",
								"description": "The access token which can be copied from your Experience Platform integration, prefixed with \"Bearer \" (for example, `Bearer {ACCESS_TOKEN}`). For more information on how to obtain this value, visit the documentation covering making API calls in the [authentication tutorial](http://www.adobe.com/go/platform-api-authentication-en).",
								"type": "string",
								"enabled": true
							},
							{
								"key": "x-gw-ims-org-id",
								"value": "{{IMS_ORG}}",
								"description": "The Organization ID which can be copied from your Experience Platform integration. For more information on how to obtain this value, visit the documentation covering making API calls in the [authentication tutorial](http://www.adobe.com/go/platform-api-authentication-en).",
								"type": "string",
								"enabled": true
							},
							{
								"key": "x-api-key",
								"value": "{{API_KEY}}",
								"description": "The API key which can be copied from your Experience Platform integration. For more information on how to obtain this value, visit the documentation covering making API calls in the [authentication tutorial](http://www.adobe.com/go/platform-api-authentication-en).",
								"type": "string",
								"enabled": true
							},
							{
								"key": "x-sandbox-name",
								"value": "{{SANDBOX_NAME}}",
								"description": "The name of the sandbox in which the operation will take place. See the [sandboxes overview documentation](https://adobe.com/go/sandbox-overview-en) for more information.",
								"type": "string",
								"enabled": true
							},
							{
								"key": "x-request-id",
								"value": "{{x-request-id}}",
								"description": "A unique ID generated by Adobe.io",
								"type": "string",
								"enabled": true
							},
							{
								"key": "User-Agent",
								"value": "{{User-Agent}}",
								"description": "type of the client making HTTP API request",
								"type": "string",
								"enabled": true
							}
						],
						"body": {
							"mode": "formdata",
							"formdata": []
						},
						"url": {
							"raw": "https://platform.adobe.io/data/foundation/query/schedules/:schedulesId/runs",
							"protocol": "https",
							"host": [
								"platform",
								"adobe",
								"io"
							],
							"path": [
								"data",
								"foundation",
								"query",
								"schedules",
								":schedulesId",
								"runs"
							],
							"variable": [
								{
									"value": "{{schedulesId}}",
									"id": "schedulesId"
								}
							]
						}
					},
					"response": []
				},
				{
					"name": "Retrieve details of a query schedule run by ID.",
					"event": [
						{
							"listen": "prerequest",
							"script": {
								"type": "text/javascript",
								"exec": [
									"/** Begin Adobe-provided Pre-Request Scripts **/",
									"// Do not send HTTP Headers with empty variables, as Postman will send the literal variable name",
									"pm.request.headers.each(header => {",
									"    if (header.value.startsWith(\"{{\") && header.value.endsWith(\"}}\")) {",
									"        if (!pm.variables.get(header.value.substring(2, header.value.length - 2))) { pm.request.headers.remove(header.key); }",
									"    }",
									"});",
									"",
									"// Do not send HTTP URL Query Parameters with empty variables, as Postman will send the literal variable name",
									"pm.request.url.query.remove(q => { ",
									"    if (q.value.startsWith(\"{{\") && q.value.endsWith(\"}}\")) {",
									"        return !pm.variables.get(q.value.substring(2, q.value.length - 2));",
									"    } ",
									"});",
									"/** End Adobe-provided Pre-Request Scripts **/"
								]
							}
						}
					],
					"_postman_id": "edc349b9-c5bb-5d4b-b9b4-34a7a781e625",
					"request": {
						"method": "GET",
						"header": [
							{
								"key": "Accept",
								"value": "application/json"
							},
							{
								"key": "Content-Type",
								"value": "application/json"
							},
							{
								"key": "Authorization",
								"value": "Bearer {{ACCESS_TOKEN}}",
								"description": "The access token which can be copied from your Experience Platform integration, prefixed with \"Bearer \" (for example, `Bearer {ACCESS_TOKEN}`). For more information on how to obtain this value, visit the documentation covering making API calls in the [authentication tutorial](http://www.adobe.com/go/platform-api-authentication-en).",
								"type": "string",
								"enabled": true
							},
							{
								"key": "x-gw-ims-org-id",
								"value": "{{IMS_ORG}}",
								"description": "The Organization ID which can be copied from your Experience Platform integration. For more information on how to obtain this value, visit the documentation covering making API calls in the [authentication tutorial](http://www.adobe.com/go/platform-api-authentication-en).",
								"type": "string",
								"enabled": true
							},
							{
								"key": "x-api-key",
								"value": "{{API_KEY}}",
								"description": "The API key which can be copied from your Experience Platform integration. For more information on how to obtain this value, visit the documentation covering making API calls in the [authentication tutorial](http://www.adobe.com/go/platform-api-authentication-en).",
								"type": "string",
								"enabled": true
							},
							{
								"key": "x-sandbox-name",
								"value": "{{SANDBOX_NAME}}",
								"description": "The name of the sandbox in which the operation will take place. See the [sandboxes overview documentation](https://adobe.com/go/sandbox-overview-en) for more information.",
								"type": "string",
								"enabled": true
							},
							{
								"key": "x-request-id",
								"value": "{{x-request-id}}",
								"description": "A unique ID generated by Adobe.io",
								"type": "string",
								"enabled": true
							},
							{
								"key": "User-Agent",
								"value": "{{User-Agent}}",
								"description": "type of the client making HTTP API request",
								"type": "string",
								"enabled": true
							}
						],
						"body": {
							"mode": "formdata",
							"formdata": []
						},
						"url": {
							"raw": "https://platform.adobe.io/data/foundation/query/schedules/:schedulesId/runs/:runId",
							"protocol": "https",
							"host": [
								"platform",
								"adobe",
								"io"
							],
							"path": [
								"data",
								"foundation",
								"query",
								"schedules",
								":schedulesId",
								"runs",
								":runId"
							],
							"variable": [
								{
									"value": "{{schedulesId}}",
									"id": "schedulesId"
								},
								{
									"value": "{{runId}}",
									"id": "runId"
								}
							]
						}
					},
					"response": []
				},
				{
					"name": "Cancel a run of a scheduled query by ID.",
					"event": [
						{
							"listen": "prerequest",
							"script": {
								"type": "text/javascript",
								"exec": [
									"/** Begin Adobe-provided Pre-Request Scripts **/",
									"// Do not send HTTP Headers with empty variables, as Postman will send the literal variable name",
									"pm.request.headers.each(header => {",
									"    if (header.value.startsWith(\"{{\") && header.value.endsWith(\"}}\")) {",
									"        if (!pm.variables.get(header.value.substring(2, header.value.length - 2))) { pm.request.headers.remove(header.key); }",
									"    }",
									"});",
									"",
									"// Do not send HTTP URL Query Parameters with empty variables, as Postman will send the literal variable name",
									"pm.request.url.query.remove(q => { ",
									"    if (q.value.startsWith(\"{{\") && q.value.endsWith(\"}}\")) {",
									"        return !pm.variables.get(q.value.substring(2, q.value.length - 2));",
									"    } ",
									"});",
									"/** End Adobe-provided Pre-Request Scripts **/"
								]
							}
						}
					],
					"_postman_id": "f7b3d60a-d77f-537e-bcfc-3510d0f83c4d",
					"request": {
						"method": "PATCH",
						"header": [
							{
								"key": "Accept",
								"value": "application/json"
							},
							{
								"key": "Content-Type",
								"value": "application/json"
							},
							{
								"key": "Authorization",
								"value": "Bearer {{ACCESS_TOKEN}}",
								"description": "The access token which can be copied from your Experience Platform integration, prefixed with \"Bearer \" (for example, `Bearer {ACCESS_TOKEN}`). For more information on how to obtain this value, visit the documentation covering making API calls in the [authentication tutorial](http://www.adobe.com/go/platform-api-authentication-en).",
								"type": "string",
								"enabled": true
							},
							{
								"key": "x-gw-ims-org-id",
								"value": "{{IMS_ORG}}",
								"description": "The Organization ID which can be copied from your Experience Platform integration. For more information on how to obtain this value, visit the documentation covering making API calls in the [authentication tutorial](http://www.adobe.com/go/platform-api-authentication-en).",
								"type": "string",
								"enabled": true
							},
							{
								"key": "x-api-key",
								"value": "{{API_KEY}}",
								"description": "The API key which can be copied from your Experience Platform integration. For more information on how to obtain this value, visit the documentation covering making API calls in the [authentication tutorial](http://www.adobe.com/go/platform-api-authentication-en).",
								"type": "string",
								"enabled": true
							},
							{
								"key": "x-sandbox-name",
								"value": "{{SANDBOX_NAME}}",
								"description": "The name of the sandbox in which the operation will take place. See the [sandboxes overview documentation](https://adobe.com/go/sandbox-overview-en) for more information.",
								"type": "string",
								"enabled": true
							},
							{
								"key": "x-request-id",
								"value": "{{x-request-id}}",
								"description": "A unique ID generated by Adobe.io",
								"type": "string",
								"enabled": true
							},
							{
								"key": "User-Agent",
								"value": "{{User-Agent}}",
								"description": "type of the client making HTTP API request",
								"type": "string",
								"enabled": true
							}
						],
						"body": {
							"mode": "raw",
							"raw": "{{operation}}"
						},
						"url": {
							"raw": "https://platform.adobe.io/data/foundation/query/schedules/:schedulesId/runs/:runId",
							"protocol": "https",
							"host": [
								"platform",
								"adobe",
								"io"
							],
							"path": [
								"data",
								"foundation",
								"query",
								"schedules",
								":schedulesId",
								"runs",
								":runId"
							],
							"variable": [
								{
									"value": "{{schedulesId}}",
									"id": "schedulesId"
								},
								{
									"value": "{{runId}}",
									"id": "runId"
								}
							]
						}
					},
					"response": []
				}
			],
			"_postman_id": "f452f32c-8ba6-5194-83db-a633f5565785",
			"description": "Schedules let you perform SQL functions from a start date to an end date."
		},
		{
			"name": "Query-Templates",
			"item": [
				{
					"name": "Retrieve a list of query templates for this IMS Organization.",
					"event": [
						{
							"listen": "prerequest",
							"script": {
								"type": "text/javascript",
								"exec": [
									"/** Begin Adobe-provided Pre-Request Scripts **/",
									"// Do not send HTTP Headers with empty variables, as Postman will send the literal variable name",
									"pm.request.headers.each(header => {",
									"    if (header.value.startsWith(\"{{\") && header.value.endsWith(\"}}\")) {",
									"        if (!pm.variables.get(header.value.substring(2, header.value.length - 2))) { pm.request.headers.remove(header.key); }",
									"    }",
									"});",
									"",
									"// Do not send HTTP URL Query Parameters with empty variables, as Postman will send the literal variable name",
									"pm.request.url.query.remove(q => { ",
									"    if (q.value.startsWith(\"{{\") && q.value.endsWith(\"}}\")) {",
									"        return !pm.variables.get(q.value.substring(2, q.value.length - 2));",
									"    } ",
									"});",
									"/** End Adobe-provided Pre-Request Scripts **/"
								]
							}
						}
					],
					"_postman_id": "2a4d90b8-6fff-5c65-b5f4-b789fa5e431e",
					"request": {
						"method": "GET",
						"header": [
							{
								"key": "Accept",
								"value": "application/json"
							},
							{
								"key": "Content-Type",
								"value": "application/json"
							},
							{
								"key": "Authorization",
								"value": "Bearer {{ACCESS_TOKEN}}",
								"description": "The access token which can be copied from your Experience Platform integration, prefixed with \"Bearer \" (for example, `Bearer {ACCESS_TOKEN}`). For more information on how to obtain this value, visit the documentation covering making API calls in the [authentication tutorial](http://www.adobe.com/go/platform-api-authentication-en).",
								"type": "string",
								"enabled": true
							},
							{
								"key": "x-gw-ims-org-id",
								"value": "{{IMS_ORG}}",
								"description": "The Organization ID which can be copied from your Experience Platform integration. For more information on how to obtain this value, visit the documentation covering making API calls in the [authentication tutorial](http://www.adobe.com/go/platform-api-authentication-en).",
								"type": "string",
								"enabled": true
							},
							{
								"key": "x-api-key",
								"value": "{{API_KEY}}",
								"description": "The API key which can be copied from your Experience Platform integration. For more information on how to obtain this value, visit the documentation covering making API calls in the [authentication tutorial](http://www.adobe.com/go/platform-api-authentication-en).",
								"type": "string",
								"enabled": true
							},
							{
								"key": "x-sandbox-name",
								"value": "{{SANDBOX_NAME}}",
								"description": "The name of the sandbox in which the operation will take place. See the [sandboxes overview documentation](https://adobe.com/go/sandbox-overview-en) for more information.",
								"type": "string",
								"enabled": true
							},
							{
								"key": "x-request-id",
								"value": "{{x-request-id}}",
								"description": "A unique ID generated by Adobe.io",
								"type": "string",
								"enabled": true
							},
							{
								"key": "User-Agent",
								"value": "{{User-Agent}}",
								"description": "type of the client making HTTP API request",
								"type": "string",
								"enabled": true
							}
						],
						"body": {
							"mode": "formdata",
							"formdata": []
						},
						"url": {
							"raw": "https://platform.adobe.io/data/foundation/query/query-templates?isPrevLink={{isPrevLink}}&orderby={{orderby}}&limit={{limit}}&start={{start}}&property={{property}}",
							"protocol": "https",
							"host": [
								"platform",
								"adobe",
								"io"
							],
							"path": [
								"data",
								"foundation",
								"query",
								"query-templates"
							],
							"query": [
								{
									"key": "isPrevLink",
									"value": "{{isPrevLink}}"
								},
								{
									"key": "orderby",
									"value": "{{orderby}}"
								},
								{
									"key": "limit",
									"value": "{{limit}}"
								},
								{
									"key": "start",
									"value": "{{start}}"
								},
								{
									"key": "property",
									"value": "{{property}}"
								}
							]
						}
					},
					"response": []
				},
				{
					"name": "Create a new query template.",
					"event": [
						{
							"listen": "prerequest",
							"script": {
								"type": "text/javascript",
								"exec": [
									"/** Begin Adobe-provided Pre-Request Scripts **/",
									"// Do not send HTTP Headers with empty variables, as Postman will send the literal variable name",
									"pm.request.headers.each(header => {",
									"    if (header.value.startsWith(\"{{\") && header.value.endsWith(\"}}\")) {",
									"        if (!pm.variables.get(header.value.substring(2, header.value.length - 2))) { pm.request.headers.remove(header.key); }",
									"    }",
									"});",
									"",
									"// Do not send HTTP URL Query Parameters with empty variables, as Postman will send the literal variable name",
									"pm.request.url.query.remove(q => { ",
									"    if (q.value.startsWith(\"{{\") && q.value.endsWith(\"}}\")) {",
									"        return !pm.variables.get(q.value.substring(2, q.value.length - 2));",
									"    } ",
									"});",
									"/** End Adobe-provided Pre-Request Scripts **/"
								]
							}
						}
					],
					"_postman_id": "c378b39e-ccab-5a9a-ab6e-c85fb26b2b8f",
					"request": {
						"method": "POST",
						"header": [
							{
								"key": "Accept",
								"value": "application/json"
							},
							{
								"key": "Content-Type",
								"value": "application/json"
							},
							{
								"key": "Authorization",
								"value": "Bearer {{ACCESS_TOKEN}}",
								"description": "The access token which can be copied from your Experience Platform integration, prefixed with \"Bearer \" (for example, `Bearer {ACCESS_TOKEN}`). For more information on how to obtain this value, visit the documentation covering making API calls in the [authentication tutorial](http://www.adobe.com/go/platform-api-authentication-en).",
								"type": "string",
								"enabled": true
							},
							{
								"key": "x-gw-ims-org-id",
								"value": "{{IMS_ORG}}",
								"description": "The Organization ID which can be copied from your Experience Platform integration. For more information on how to obtain this value, visit the documentation covering making API calls in the [authentication tutorial](http://www.adobe.com/go/platform-api-authentication-en).",
								"type": "string",
								"enabled": true
							},
							{
								"key": "x-api-key",
								"value": "{{API_KEY}}",
								"description": "The API key which can be copied from your Experience Platform integration. For more information on how to obtain this value, visit the documentation covering making API calls in the [authentication tutorial](http://www.adobe.com/go/platform-api-authentication-en).",
								"type": "string",
								"enabled": true
							},
							{
								"key": "x-sandbox-name",
								"value": "{{SANDBOX_NAME}}",
								"description": "The name of the sandbox in which the operation will take place. See the [sandboxes overview documentation](https://adobe.com/go/sandbox-overview-en) for more information.",
								"type": "string",
								"enabled": true
							},
							{
								"key": "x-request-id",
								"value": "{{x-request-id}}",
								"description": "A unique ID generated by Adobe.io",
								"type": "string",
								"enabled": true
							},
							{
								"key": "User-Agent",
								"value": "{{User-Agent}}",
								"description": "type of the client making HTTP API request",
								"type": "string",
								"enabled": true
							}
						],
						"body": {
							"mode": "raw",
							"raw": "{{queryTemplate}}"
						},
						"url": {
							"raw": "https://platform.adobe.io/data/foundation/query/query-templates",
							"protocol": "https",
							"host": [
								"platform",
								"adobe",
								"io"
							],
							"path": [
								"data",
								"foundation",
								"query",
								"query-templates"
							]
						}
					},
					"response": []
				},
				{
					"name": "Get the count of the query templates.",
					"event": [
						{
							"listen": "prerequest",
							"script": {
								"type": "text/javascript",
								"exec": [
									"/** Begin Adobe-provided Pre-Request Scripts **/",
									"// Do not send HTTP Headers with empty variables, as Postman will send the literal variable name",
									"pm.request.headers.each(header => {",
									"    if (header.value.startsWith(\"{{\") && header.value.endsWith(\"}}\")) {",
									"        if (!pm.variables.get(header.value.substring(2, header.value.length - 2))) { pm.request.headers.remove(header.key); }",
									"    }",
									"});",
									"",
									"// Do not send HTTP URL Query Parameters with empty variables, as Postman will send the literal variable name",
									"pm.request.url.query.remove(q => { ",
									"    if (q.value.startsWith(\"{{\") && q.value.endsWith(\"}}\")) {",
									"        return !pm.variables.get(q.value.substring(2, q.value.length - 2));",
									"    } ",
									"});",
									"/** End Adobe-provided Pre-Request Scripts **/"
								]
							}
						}
					],
					"_postman_id": "83ced3d2-4bfc-5b56-bf6e-6cfc34a7234d",
					"request": {
						"method": "GET",
						"header": [
							{
								"key": "Accept",
								"value": "application/json"
							},
							{
								"key": "Content-Type",
								"value": "application/json"
							},
							{
								"key": "Authorization",
								"value": "Bearer {{ACCESS_TOKEN}}",
								"description": "The access token which can be copied from your Experience Platform integration, prefixed with \"Bearer \" (for example, `Bearer {ACCESS_TOKEN}`). For more information on how to obtain this value, visit the documentation covering making API calls in the [authentication tutorial](http://www.adobe.com/go/platform-api-authentication-en).",
								"type": "string",
								"enabled": true
							},
							{
								"key": "x-gw-ims-org-id",
								"value": "{{IMS_ORG}}",
								"description": "The Organization ID which can be copied from your Experience Platform integration. For more information on how to obtain this value, visit the documentation covering making API calls in the [authentication tutorial](http://www.adobe.com/go/platform-api-authentication-en).",
								"type": "string",
								"enabled": true
							},
							{
								"key": "x-api-key",
								"value": "{{API_KEY}}",
								"description": "The API key which can be copied from your Experience Platform integration. For more information on how to obtain this value, visit the documentation covering making API calls in the [authentication tutorial](http://www.adobe.com/go/platform-api-authentication-en).",
								"type": "string",
								"enabled": true
							},
							{
								"key": "x-sandbox-name",
								"value": "{{SANDBOX_NAME}}",
								"description": "The name of the sandbox in which the operation will take place. See the [sandboxes overview documentation](https://adobe.com/go/sandbox-overview-en) for more information.",
								"type": "string",
								"enabled": true
							},
							{
								"key": "x-request-id",
								"value": "{{x-request-id}}",
								"description": "A unique ID generated by Adobe.io",
								"type": "string",
								"enabled": true
							},
							{
								"key": "User-Agent",
								"value": "{{User-Agent}}",
								"description": "type of the client making HTTP API request",
								"type": "string",
								"enabled": true
							}
						],
						"body": {
							"mode": "formdata",
							"formdata": []
						},
						"url": {
							"raw": "https://platform.adobe.io/data/foundation/query/query-templates/count?property={{property}}",
							"protocol": "https",
							"host": [
								"platform",
								"adobe",
								"io"
							],
							"path": [
								"data",
								"foundation",
								"query",
								"query-templates",
								"count"
							],
							"query": [
								{
									"key": "property",
									"value": "{{property}}"
								}
							]
						}
					},
					"response": []
				},
				{
					"name": "Retrieve a query template by ID.",
					"event": [
						{
							"listen": "prerequest",
							"script": {
								"type": "text/javascript",
								"exec": [
									"/** Begin Adobe-provided Pre-Request Scripts **/",
									"// Do not send HTTP Headers with empty variables, as Postman will send the literal variable name",
									"pm.request.headers.each(header => {",
									"    if (header.value.startsWith(\"{{\") && header.value.endsWith(\"}}\")) {",
									"        if (!pm.variables.get(header.value.substring(2, header.value.length - 2))) { pm.request.headers.remove(header.key); }",
									"    }",
									"});",
									"",
									"// Do not send HTTP URL Query Parameters with empty variables, as Postman will send the literal variable name",
									"pm.request.url.query.remove(q => { ",
									"    if (q.value.startsWith(\"{{\") && q.value.endsWith(\"}}\")) {",
									"        return !pm.variables.get(q.value.substring(2, q.value.length - 2));",
									"    } ",
									"});",
									"/** End Adobe-provided Pre-Request Scripts **/"
								]
							}
						}
					],
					"_postman_id": "a3f5ed0f-87d8-524b-87c4-6447a7f2ae99",
					"request": {
						"method": "GET",
						"header": [
							{
								"key": "Accept",
								"value": "application/json"
							},
							{
								"key": "Content-Type",
								"value": "application/json"
							},
							{
								"key": "Authorization",
								"value": "Bearer {{ACCESS_TOKEN}}",
								"description": "The access token which can be copied from your Experience Platform integration, prefixed with \"Bearer \" (for example, `Bearer {ACCESS_TOKEN}`). For more information on how to obtain this value, visit the documentation covering making API calls in the [authentication tutorial](http://www.adobe.com/go/platform-api-authentication-en).",
								"type": "string",
								"enabled": true
							},
							{
								"key": "x-gw-ims-org-id",
								"value": "{{IMS_ORG}}",
								"description": "The Organization ID which can be copied from your Experience Platform integration. For more information on how to obtain this value, visit the documentation covering making API calls in the [authentication tutorial](http://www.adobe.com/go/platform-api-authentication-en).",
								"type": "string",
								"enabled": true
							},
							{
								"key": "x-api-key",
								"value": "{{API_KEY}}",
								"description": "The API key which can be copied from your Experience Platform integration. For more information on how to obtain this value, visit the documentation covering making API calls in the [authentication tutorial](http://www.adobe.com/go/platform-api-authentication-en).",
								"type": "string",
								"enabled": true
							},
							{
								"key": "x-sandbox-name",
								"value": "{{SANDBOX_NAME}}",
								"description": "The name of the sandbox in which the operation will take place. See the [sandboxes overview documentation](https://adobe.com/go/sandbox-overview-en) for more information.",
								"type": "string",
								"enabled": true
							},
							{
								"key": "x-request-id",
								"value": "{{x-request-id}}",
								"description": "A unique ID generated by Adobe.io",
								"type": "string",
								"enabled": true
							},
							{
								"key": "User-Agent",
								"value": "{{User-Agent}}",
								"description": "type of the client making HTTP API request",
								"type": "string",
								"enabled": true
							}
						],
						"body": {
							"mode": "formdata",
							"formdata": []
						},
						"url": {
							"raw": "https://platform.adobe.io/data/foundation/query/query-templates/:queryTemplateId",
							"protocol": "https",
							"host": [
								"platform",
								"adobe",
								"io"
							],
							"path": [
								"data",
								"foundation",
								"query",
								"query-templates",
								":queryTemplateId"
							],
							"variable": [
								{
									"value": "{{queryTemplateId}}",
									"id": "queryTemplateId"
								}
							]
						}
					},
					"response": []
				},
				{
					"name": "Update a query template by ID.",
					"event": [
						{
							"listen": "prerequest",
							"script": {
								"type": "text/javascript",
								"exec": [
									"/** Begin Adobe-provided Pre-Request Scripts **/",
									"// Do not send HTTP Headers with empty variables, as Postman will send the literal variable name",
									"pm.request.headers.each(header => {",
									"    if (header.value.startsWith(\"{{\") && header.value.endsWith(\"}}\")) {",
									"        if (!pm.variables.get(header.value.substring(2, header.value.length - 2))) { pm.request.headers.remove(header.key); }",
									"    }",
									"});",
									"",
									"// Do not send HTTP URL Query Parameters with empty variables, as Postman will send the literal variable name",
									"pm.request.url.query.remove(q => { ",
									"    if (q.value.startsWith(\"{{\") && q.value.endsWith(\"}}\")) {",
									"        return !pm.variables.get(q.value.substring(2, q.value.length - 2));",
									"    } ",
									"});",
									"/** End Adobe-provided Pre-Request Scripts **/"
								]
							}
						}
					],
					"_postman_id": "8953e266-75e1-5ee0-ab19-d2280568f624",
					"request": {
						"method": "PUT",
						"header": [
							{
								"key": "Accept",
								"value": "application/json"
							},
							{
								"key": "Content-Type",
								"value": "application/json"
							},
							{
								"key": "Authorization",
								"value": "Bearer {{ACCESS_TOKEN}}",
								"description": "The access token which can be copied from your Experience Platform integration, prefixed with \"Bearer \" (for example, `Bearer {ACCESS_TOKEN}`). For more information on how to obtain this value, visit the documentation covering making API calls in the [authentication tutorial](http://www.adobe.com/go/platform-api-authentication-en).",
								"type": "string",
								"enabled": true
							},
							{
								"key": "x-gw-ims-org-id",
								"value": "{{IMS_ORG}}",
								"description": "The Organization ID which can be copied from your Experience Platform integration. For more information on how to obtain this value, visit the documentation covering making API calls in the [authentication tutorial](http://www.adobe.com/go/platform-api-authentication-en).",
								"type": "string",
								"enabled": true
							},
							{
								"key": "x-api-key",
								"value": "{{API_KEY}}",
								"description": "The API key which can be copied from your Experience Platform integration. For more information on how to obtain this value, visit the documentation covering making API calls in the [authentication tutorial](http://www.adobe.com/go/platform-api-authentication-en).",
								"type": "string",
								"enabled": true
							},
							{
								"key": "x-sandbox-name",
								"value": "{{SANDBOX_NAME}}",
								"description": "The name of the sandbox in which the operation will take place. See the [sandboxes overview documentation](https://adobe.com/go/sandbox-overview-en) for more information.",
								"type": "string",
								"enabled": true
							},
							{
								"key": "x-request-id",
								"value": "{{x-request-id}}",
								"description": "A unique ID generated by Adobe.io",
								"type": "string",
								"enabled": true
							},
							{
								"key": "User-Agent",
								"value": "{{User-Agent}}",
								"description": "type of the client making HTTP API request",
								"type": "string",
								"enabled": true
							}
						],
						"body": {
							"mode": "raw",
							"raw": "{{queryTemplate}}"
						},
						"url": {
							"raw": "https://platform.adobe.io/data/foundation/query/query-templates/:queryTemplateId",
							"protocol": "https",
							"host": [
								"platform",
								"adobe",
								"io"
							],
							"path": [
								"data",
								"foundation",
								"query",
								"query-templates",
								":queryTemplateId"
							],
							"variable": [
								{
									"value": "{{queryTemplateId}}",
									"id": "queryTemplateId"
								}
							]
						}
					},
					"response": []
				},
				{
					"name": "Delete a query template by ID.",
					"event": [
						{
							"listen": "prerequest",
							"script": {
								"type": "text/javascript",
								"exec": [
									"/** Begin Adobe-provided Pre-Request Scripts **/",
									"// Do not send HTTP Headers with empty variables, as Postman will send the literal variable name",
									"pm.request.headers.each(header => {",
									"    if (header.value.startsWith(\"{{\") && header.value.endsWith(\"}}\")) {",
									"        if (!pm.variables.get(header.value.substring(2, header.value.length - 2))) { pm.request.headers.remove(header.key); }",
									"    }",
									"});",
									"",
									"// Do not send HTTP URL Query Parameters with empty variables, as Postman will send the literal variable name",
									"pm.request.url.query.remove(q => { ",
									"    if (q.value.startsWith(\"{{\") && q.value.endsWith(\"}}\")) {",
									"        return !pm.variables.get(q.value.substring(2, q.value.length - 2));",
									"    } ",
									"});",
									"/** End Adobe-provided Pre-Request Scripts **/"
								]
							}
						}
					],
					"_postman_id": "0fb76354-1dc2-544b-856c-73b34e53ea9d",
					"request": {
						"method": "DELETE",
						"header": [
							{
								"key": "Accept",
								"value": "application/json"
							},
							{
								"key": "Content-Type",
								"value": "application/json"
							},
							{
								"key": "Authorization",
								"value": "Bearer {{ACCESS_TOKEN}}",
								"description": "The access token which can be copied from your Experience Platform integration, prefixed with \"Bearer \" (for example, `Bearer {ACCESS_TOKEN}`). For more information on how to obtain this value, visit the documentation covering making API calls in the [authentication tutorial](http://www.adobe.com/go/platform-api-authentication-en).",
								"type": "string",
								"enabled": true
							},
							{
								"key": "x-gw-ims-org-id",
								"value": "{{IMS_ORG}}",
								"description": "The Organization ID which can be copied from your Experience Platform integration. For more information on how to obtain this value, visit the documentation covering making API calls in the [authentication tutorial](http://www.adobe.com/go/platform-api-authentication-en).",
								"type": "string",
								"enabled": true
							},
							{
								"key": "x-api-key",
								"value": "{{API_KEY}}",
								"description": "The API key which can be copied from your Experience Platform integration. For more information on how to obtain this value, visit the documentation covering making API calls in the [authentication tutorial](http://www.adobe.com/go/platform-api-authentication-en).",
								"type": "string",
								"enabled": true
							},
							{
								"key": "x-sandbox-name",
								"value": "{{SANDBOX_NAME}}",
								"description": "The name of the sandbox in which the operation will take place. See the [sandboxes overview documentation](https://adobe.com/go/sandbox-overview-en) for more information.",
								"type": "string",
								"enabled": true
							},
							{
								"key": "x-request-id",
								"value": "{{x-request-id}}",
								"description": "A unique ID generated by Adobe.io",
								"type": "string",
								"enabled": true
							},
							{
								"key": "User-Agent",
								"value": "{{User-Agent}}",
								"description": "type of the client making HTTP API request",
								"type": "string",
								"enabled": true
							}
						],
						"body": {
							"mode": "formdata",
							"formdata": []
						},
						"url": {
							"raw": "https://platform.adobe.io/data/foundation/query/query-templates/:queryTemplateId",
							"protocol": "https",
							"host": [
								"platform",
								"adobe",
								"io"
							],
							"path": [
								"data",
								"foundation",
								"query",
								"query-templates",
								":queryTemplateId"
							],
							"variable": [
								{
									"value": "{{queryTemplateId}}",
									"id": "queryTemplateId"
								}
							]
						}
					},
					"response": []
				}
			],
			"_postman_id": "5f6e4805-81d6-5f53-8dde-5ee3fdf98910",
			"description": "Query templates let you create, store and execute any of the query as adhoc or schedule service."
		}
	]
}